window_index,frame_start,frame_end,n_window_frames,start_row_index,end_row_index,fall_probability,smoothed_probability,binary_prediction,predicted_label
0,1,30,30,0,30,0.8186946673336728,0.5363281819869695,1,fall
1,11,41,30,10,40,0.7902898786272359,0.8022084275067887,1,fall
2,21,56,30,20,50,0.7976407365594577,0.8208244884764211,1,fall
3,32,70,30,30,60,0.8745428502425701,0.8497445736539669,1,fall
4,42,84,30,40,70,0.8770501341598732,0.5838643281341478,1,fall
